,tmd,delta_md,delta_ns,delta_ew,delta_tvd,inclination,azimuth,delta_tmd,inclination_prev,azimuth_prev,calc_azi,calc_inc
0,0.0,0.0,0.0,0.0,0.0,0.0,0.0,0.0,0.0,0.0,0.0,0.0
1,5.8,5.8,0.0,0.0,5.8,0.0,0.0,5.8,0.0,0.0,0.0,0.0
2,26.0,20.2,0.0,0.0,20.2,0.0,0.0,20.2,0.0,0.0,0.0,0.0
3,50.2,24.2,0.056697000000000004,-0.00606,24.199866,0.00471238898038469,6.176720222807932,24.200000000000003,0.0,0.0,1.333559604726748,0.004712409069091445
4,69.15,18.95,0.053358,0.009154,18.94988,0.0017453292519943296,0.998153799215557,18.950000000000003,0.00471238898038469,6.176720222807932,4.414747073527241,0.001745388097349427
5,88.04,18.89,0.031598,0.040021,18.889922,0.003665191429188092,0.8569566627292158,18.89,0.0017453292519943296,0.998153799215557,1.0241344922359077,0.0036651625832386345
6,107.01,18.97,0.06500399999999999,0.018019999999999998,18.969839,0.004537856055185257,6.090151891909014,18.97,0.003665191429188092,0.8569566627292158,1.0616830591228725,0.004537909888047247
7,125.98,18.97,0.067422,0.052986,18.969670999999998,0.006981317007977318,1.180715238974164,18.97,0.004537856055185257,6.090151891909014,4.988304300882965,0.006981253206773989
8,144.94,18.96,0.050457999999999996,0.12415699999999999,18.959526,0.007155849933176751,1.1887437535333378,18.959999999999994,0.006981317007977318,1.180715238974164,5.013499289097497,0.007155955599721632
9,163.89,18.95,0.046896,0.151258,18.949320999999998,0.009599310885968814,1.3308135546456763,18.94999999999999,0.007155849933176751,1.1887437535333378,5.459842314929138,0.00959917683963615
10,182.72,18.83,0.070564,0.14741400000000002,18.829249,0.008203047484373348,0.8820894039579341,18.830000000000013,0.009599310885968814,1.3308135546456763,1.1031237568909253,0.00820318780847732
11,201.68,18.96,0.134185,0.117817,18.959126,0.010821041362364843,0.5982988675836561,18.960000000000008,0.008203047484373348,0.8820894039579341,0.21149658335305258,0.01082096851919535
12,220.65,18.97,0.18994,0.098039,18.968777,0.011868238913561441,0.3654719453676126,18.97,0.010821041362364843,0.5982988675836561,5.763322665919434,0.011868252363399808
13,239.6,18.95,0.206355,0.111697,18.948521,0.013089969389957472,0.6145304296272035,18.94999999999999,0.011868238913561441,0.3654719453676126,0.2624864590153282,0.013089872830830409
14,258.58,18.98,0.248717,0.139961,18.977798999999997,0.01710422666954443,0.43458698374658805,18.97999999999999,0.013089969389957472,0.6145304296272035,5.980436955727063,0.017104298959771762
15,277.52,18.94,0.303128,0.151081,18.936963000000002,0.018675022996339326,0.4878195259324151,18.939999999999998,0.01710422666954443,0.43458698374658805,6.147612506774523,0.018674955900868134
16,296.46,18.94,0.26398699999999997,0.051003,18.937682000000002,0.011868238913561441,5.995555046450921,18.939999999999998,0.018675022996339326,0.4878195259324151,0.7644906159918565,0.011868155668459758
17,315.42,18.96,0.204569,-0.0751,18.958741,0.01117010721276371,5.8630845562245515,18.960000000000036,0.011868238913561441,5.995555046450921,0.34836598616739106,0.011170000750591087
18,334.39,18.97,0.059578,-0.08981,18.969220999999997,0.006283185307179586,4.039215487890477,18.96999999999997,0.01117010721276371,5.8630845562245515,0.3181021575556228,3.1353088357092895
19,353.36,18.97,-0.08815,-0.07411000000000001,18.969635999999998,0.006108652381980153,3.6363934965301854,18.970000000000027,0.006283185307179586,4.039215487890477,5.279580558543163,3.135484019258866
20,372.31,18.95,-0.04704,-0.01658,18.949816000000002,0.0012217304763960308,1.2278391287780108,18.94999999999999,0.006108652381980153,3.6363934965301854,5.134147381659287,0.0012216894195388156
21,391.26,18.95,0.06246,0.033677,18.949785000000002,0.0066322511575784525,0.37088246604879505,18.94999999999999,0.0012217304763960308,1.2278391287780108,5.780532931665592,0.006631606144403268
22,410.47,19.21,0.207946,0.07030499999999999,19.208523,0.016231562043547264,0.3077015471266003,19.210000000000036,0.0066322511575784525,0.37088246604879505,5.581693140772855,0.016232233130118782
23,429.7,19.23,0.16333599999999998,0.06566699999999999,19.228704999999998,0.0024434609527920616,0.8998917623282764,19.22999999999996,0.016231562043547264,0.3077015471266003,1.1599444344905327,0.0024431402518718635
24,440.0,10.3,0.011909999999999999,0.027363,10.299953,0.003490658503988659,1.3414600630828417,10.300000000000011,0.0024434609527920616,0.8998917623282764,5.4925858216322645,0.0034907229822302385
25,454.0,14.0,-0.026269999999999998,0.065595,13.99976,0.007504915783575617,2.2214550719383825,14.0,0.003490658503988659,1.3414600630828417,5.895045094644543,3.1340868334531224
26,467.83,13.83,-0.09974,0.100688,13.829213000000001,0.013089969389957472,2.4258331273469187,13.829999999999984,0.007504915783575617,2.2214550719383825,0.2533704060681677,3.12850329664978
27,487.06,19.23,-0.552,-0.17915999999999999,19.214741,0.05480333851262195,3.6617007706841034,19.230000000000018,0.013089969389957472,2.4258331273469187,1.6339577848410738,3.0867881524527485
28,506.27,19.21,-1.58132,-0.8590200000000001,19.110761,0.1329940890019679,3.6299357782978063,19.20999999999998,0.05480333851262195,3.6617007706841034,5.259644145833783,3.0085998096087625
29,525.57,19.3,-2.4575299999999998,-1.3995600000000001,19.089569,0.16126842288427606,3.683517386334033,19.300000000000068,0.1329940890019679,3.6299357782978063,0.8684561314827729,2.980322760180291
30,544.81,19.24,-2.941,-1.42839,18.957132,0.18151424220741028,3.513871383040184,19.239999999999895,0.16126842288427606,3.683517386334033,2.1148149067844684,2.9600800362394795
31,564.1,19.29,-3.59027,-0.99849,18.92148,0.2090904443889207,3.325026757974397,19.290000000000077,0.18151424220741028,3.513871383040184,4.134891787882844,2.932500649121812
32,583.3,19.2,-3.97399,-0.8976799999999999,18.761902,0.2188642882000889,3.400774047510951,19.199999999999932,0.2090904443889207,3.325026757974397,0.8142415789691544,2.9227297798641176
33,602.45,19.15,-3.98429,-1.0564200000000001,18.701083999999998,0.2150245638457014,3.400774047510951,19.15000000000009,0.2188642882000889,3.400774047510951,0.8142500703304815,2.9265668930442095
34,621.69,19.24,-4.49753,-1.30796,18.651332999999997,0.27715828521669955,3.443185548334413,19.24000000000001,0.2150245638457014,3.400774047510951,3.727665945301443,2.864435051258373
35,640.91,19.22,-5.38796,-1.56655,18.37875,0.31555552876057474,3.4081044303693275,19.219999999999914,0.27715828521669955,3.443185548334413,0.837275989998678,2.8260360174040393
36,660.16,19.25,-5.70737,-1.36674,18.332309,0.3043854215478111,3.344050846821135,19.25,0.31555552876057474,3.4081044303693275,0.6360325489570801,2.837208369650477
37,679.39,19.23,-5.73905,-1.1648100000000001,18.316382,0.31450833120937816,3.3396875236911496,19.230000000000018,0.3043854215478111,3.344050846821135,0.622342858001805,2.8270826260435387
38,698.67,19.28,-6.0852699999999995,-1.4594799999999999,18.232095,0.34714598822167214,3.4108969571725183,19.279999999999973,0.31450833120937816,3.3396875236911496,0.8460354331805628,2.794448295231066
39,717.84,19.17,-6.43466,-1.8287900000000001,17.963995,0.36582101121801147,3.42573225581447,19.170000000000073,0.34714598822167214,3.4108969571725183,0.8926574927342369,2.7757695867772774
40,737.12,19.28,-6.23029,-1.7197200000000001,18.158278,0.3181735226385663,3.3939672634281735,19.279999999999973,0.36582101121801147,3.42573225581447,0.792844823857622,2.823420865086375
41,756.37,19.25,-5.87285,-1.41993,18.276956,0.3204424506661589,3.363773067368671,19.25,0.3181735226385663,3.3939672634281735,0.698016743142086,2.821148598695224
42,775.64,19.27,-6.09275,-1.48412,18.219571,0.3426081321664869,3.396236191455766,19.269999999999982,0.3204424506661589,3.363773067368671,0.7999715349790815,2.7989857054239224
43,794.9,19.26,-6.46286,-1.80003,18.051634,0.36913713679680066,3.429048381393259,19.25999999999999,0.3426081321664869,3.396236191455766,0.9030807661038971,2.7724548001769618
44,814.09,19.19,-6.54894,-1.9226900000000002,17.934867999999998,0.3581415625092364,3.425208657038872,19.190000000000055,0.36913713679680066,3.429048381393259,0.8909953116640332,2.783451556602854
45,833.2,19.11,-6.2041900000000005,-1.80044,17.983164000000002,0.33161255787892263,3.42276519608608,19.110000000000014,0.3581415625092364,3.425208657038872,0.8833419725532544,2.809979948131618
46,852.42,19.22,-6.2840300000000004,-1.6503400000000001,18.08609,0.3583160954344359,3.375815839207432,19.219999999999914,0.33161255787892263,3.42276519608608,0.7358184473033762,2.7832767202795234
47,871.66,19.24,-6.34783,-1.15785,18.119568,0.32690016889853796,3.263242102453798,19.24000000000001,0.3583160954344359,3.375815839207432,2.0502619986010413,2.8146927969070497
48,890.89,19.23,-6.17316,-0.71565,18.198065,0.33126349202852373,3.250850264764638,19.230000000000018,0.32690016889853796,3.263242102453798,2.0113059049170787,2.8103291712222394
49,910.12,19.23,-6.383030000000001,-1.0699299999999998,18.103049,0.3563962332572421,3.3606314747150816,19.230000000000018,0.33126349202852373,3.250850264764638,5.24763921981132,2.7851961871814477
50,929.25,19.13,-6.6147100000000005,-2.06319,17.81989,0.38746309394274114,3.520852700048161,19.129999999999995,0.3563962332572421,3.3606314747150816,1.1914691430213429,2.754130325653945
51,948.51,19.26,-6.49287,-2.48011,17.958455999999998,0.3511602455012591,3.490658503988659,19.25999999999999,0.38746309394274114,3.520852700048161,1.0966360509804174,2.790431485572371
52,967.64,19.13,-5.72765,-2.0644299999999998,18.127855,0.29688050576423547,3.4838517199058816,19.129999999999995,0.3511602455012591,3.490658503988659,1.0752274161799793,2.8447130583144027
53,986.83,19.19,-5.4690199999999995,-1.58178,18.322637,0.3066543495754037,3.3642966661442695,19.190000000000055,0.29688050576423547,3.4838517199058816,0.6996627394970001,2.834937707399564
54,1005.97,19.14,-5.89204,-1.29605,18.162328,0.3347541505325124,3.3524284272307083,19.139999999999986,0.3066543495754037,3.3642966661442695,0.6623394901979544,2.8068386532611154
55,1025.16,19.19,-6.3147,-1.46259,18.060855,0.3544763710800483,3.385066084243002,19.190000000000055,0.3347541505325124,3.3524284272307083,0.7649158875698283,2.787116106433401
56,1044.24,19.08,-6.10784,-1.33364,18.021504,0.313635666583381,3.3245031591987986,19.079999999999927,0.3544763710800483,3.385066084243002,0.5746088684871254,2.8279567003094064
57,1063.29,19.05,-5.67615,-1.16913,18.146504999999998,0.30473448739820996,3.365518396620666,19.049999999999955,0.313635666583381,3.3245031591987986,0.7035006008326965,2.836858501020463
58,1082.41,19.12,-5.76286,-1.53755,18.163033,0.3302162944773272,3.4363787642516352,19.12000000000012,0.30473448739820996,3.365518396620666,0.9260793972686716,2.8113765015588563
59,1101.64,19.23,-6.16833,-2.03621,18.096916,0.359188760060433,3.482629989429485,19.230000000000018,0.3302162944773272,3.4363787642516352,1.0714124309959665,2.7824033312006176
60,1120.89,19.25,-6.6378699999999995,-2.28375,17.922259,0.38746309394274114,3.4639549664331457,19.25,0.359188760060433,3.482629989429485,1.0127218394507964,2.75412974256809
61,1140.19,19.3,-6.9756800000000005,-2.2439299999999998,17.854594,0.39147735122232813,3.4417892849328178,19.299999999999955,0.38746309394274114,3.4639549664331457,0.9431046720081918,2.7501155600640583
62,1159.29,19.1,-6.87334,-2.10628,17.695166,0.3803072440095644,3.436029698401237,19.09999999999991,0.39147735122232813,3.4417892849328178,0.9249913639362435,2.7612856107240633
63,1178.37,19.08,-6.61388,-2.01305,17.782509,0.3612831551628262,3.43812409350363,19.079999999999927,0.3803072440095644,3.436029698401237,0.9315927062596616,2.780309319782866
64,1197.73,19.36,-6.46064,-2.0136700000000003,18.138543,0.3529055747532534,3.449468733641593,19.360000000000127,0.3612831551628262,3.43812409350363,2.8577458130191022,2.7886877476147425
65,1216.95,19.22,-6.34976,-2.08565,18.020353,0.3574434308084387,3.4683182895631317,19.220000000000027,0.3529055747532534,3.449468733641593,1.0264548327400118,2.784148672467042
66,1236.21,19.26,-6.47959,-2.11255,18.013514999999998,0.3659955441432109,3.445454476362006,19.25999999999999,0.3574434308084387,3.4683182895631317,2.84513024378264,2.7755981608211524
67,1255.22,19.01,-6.52951,-1.8817099999999998,17.753301,0.36529741244241315,3.3988541853337577,19.00999999999999,0.3659955441432109,3.445454476362006,0.8082268943774488,2.7762938081932305
68,1274.39,19.17,-6.88513,-1.64778,17.812418,0.39147735122232813,3.355570019884298,19.170000000000073,0.36529741244241315,3.3988541853337577,0.6722109037089516,2.7501169494384667
69,1293.59,19.2,-6.95321,-1.5196,17.830682,0.3680899392456041,3.3580134808370903,19.199999999999818,0.39147735122232813,3.355570019884298,5.239422117834991,2.773500889336231
70,1312.65,19.06,-6.52342,-1.6101,17.83491,0.35273104182805404,3.41019882547172,19.060000000000173,0.3680899392456041,3.3580134808370903,0.8438316088574169,2.7888635271340765
71,1331.91,19.26,-6.38211,-1.7896,18.083470000000002,0.34993851502486306,3.4197981363576893,19.25999999999999,0.35273104182805404,3.41019882547172,0.8740292905238908,2.791652182463171
72,1351.05,19.14,-6.4981800000000005,-1.7062,17.920767,0.3675663404700058,3.3779102343098253,19.139999999999873,0.34993851502486306,3.4197981363576893,0.7423975255310091,2.774028169731702
73,1370.21,19.16,-6.396780000000001,-1.46596,17.997624,0.33178709080412205,3.354697355258301,19.160000000000082,0.3675663404700058,3.3779102343098253,0.6695115268722008,2.809804114384822
74,1389.48,19.27,-6.03684,-1.4494200000000002,18.241809,0.3244567079457459,3.4002504487353526,19.269999999999982,0.33178709080412205,3.354697355258301,4.4824135435363415,2.8171381351498943
75,1408.68,19.2,-6.008319999999999,-1.6642099999999997,18.159046,0.337023078560105,3.4229397290112793,19.200000000000045,0.3244567079457459,3.4002504487353526,0.8839019868294495,2.804567148700166
76,1427.89,19.21,-6.3528199999999995,-2.03416,18.0105,0.3726277953007894,3.4773940016735025,19.210000000000036,0.337023078560105,3.4229397290112793,1.054927903068062,2.7689674219944465
77,1447.01,19.12,-6.5384400000000005,-2.38171,17.808476000000002,0.3724532623755899,3.5044466050794143,19.11999999999989,0.3726277953007894,3.4773940016735025,1.1399585959672804,2.7691366335757635
78,1466.02,19.01,-6.699260000000001,-2.44338,17.620115,0.3967133389783111,3.4789647980002973,19.00999999999999,0.3724532623755899,3.5044466050794143,1.059867139636827,2.7448822697957045
79,1485.31,19.29,-6.894539999999999,-2.0638900000000002,17.89184,0.3689626038716013,3.38262262329021,19.289999999999964,0.3967133389783111,3.4789647980002973,0.7572365997032422,2.7726270389537664
80,1504.29,18.98,-6.17647,-1.56115,17.871736,0.3159045946109737,3.396759790231364,18.980000000000018,0.3689626038716013,3.38262262329021,0.8016101569128421,2.825690935631653
81,1523.53,19.24,-5.82423,-1.3323200000000002,18.287923000000003,0.3159045946109737,3.336196865187161,19.24000000000001,0.3159045946109737,3.396759790231364,0.6113877163248169,2.8256853111955853
82,1542.76,19.23,-6.25186,-0.8904200000000001,18.157010999999997,0.3543018381548489,3.235491367347088,19.230000000000018,0.3159045946109737,3.336196865187161,1.9630496256860934,2.7872933903983723
83,1562.04,19.28,-6.26494,-0.51471,18.221318,0.3101450080793923,3.2100095602679706,19.279999999999973,0.3543018381548489,3.235491367347088,4.718836535725932,2.831445158330442
84,1581.92,19.88,-5.59553,-0.37351999999999996,19.066609,0.2619739207243489,3.2061698359135833,19.88000000000011,0.3101450080793923,3.2100095602679706,4.7067330550046815,2.879621099708673
85,1601.2,19.28,-4.81095,-0.47225,18.662701000000002,0.2452187599052033,3.2749358084421596,19.279999999999973,0.2619739207243489,3.2061698359135833,5.368108522739196,2.896371515767502
86,1620.33,19.13,-4.50009,-0.6695399999999999,18.580742,0.2350958502436362,3.3042573398756647,19.12999999999988,0.2452187599052033,3.2749358084421596,2.3459236892302946,2.9064993788170916
87,1639.57,19.24,-4.50287,-0.5336,18.696883,0.24120450262561635,3.2159436797247514,19.24000000000001,0.2350958502436362,3.3042573398756647,1.9016830708279873,2.9003856764229714
88,1658.8,19.23,-4.99517,-0.21074,18.563297,0.28518679977587347,3.156427952231745,19.230000000000018,0.24120450262561635,3.2159436797247514,1.7146599624375083,2.856407989714799
89,1678.05,19.25,-5.31118,-0.55806,18.487918,0.2794272132442922,3.3379421944391554,19.25,0.28518679977587347,3.156427952231745,0.616866744021028,2.862163474101414
90,1697.21,19.16,-4.98373,-1.5551700000000002,18.426474,0.27576202181510406,3.5515704948832614,19.160000000000082,0.2794272132442922,3.3379421944391554,1.2879722967557412,2.8658323434174546
91,1716.59,19.38,-4.8236300000000005,-2.31316,18.625828,0.2839650692994774,3.624874323467023,19.37999999999988,0.27576202181510406,3.5515704948832614,1.5182783046649098,2.8576259432597286
92,1735.79,19.2,-5.00855,-2.9402,18.293064,0.33143802495372315,3.7133625165431354,19.200000000000045,0.2839650692994774,3.624874323467023,1.073455928035118,2.8101568519306426
93,1754.98,19.19,-5.7616,-3.9239,17.861269,0.4129449010218584,3.760660939272182,19.190000000000055,0.33143802495372315,3.7133625165431354,1.1108263740316728,2.7286453198863976
94,1774.04,19.06,-6.08974,-5.1777,17.285675,0.4558800006209189,3.9241982901840506,19.059999999999945,0.4129449010218584,3.760660939272182,6.239700275543206,2.685714697279639
95,1793.27,19.23,-5.40813,-6.63737,17.195510000000002,0.47228609558966556,4.129798076068982,19.230000000000018,0.4558800006209189,3.9241982901840506,0.6024204859021898,2.6693044307970837
96,1812.42,19.15,-3.9550400000000003,-7.48118,17.156816,0.44802601898694444,4.327194814469541,19.15000000000009,0.47228609558966556,4.129798076068982,4.948031411914595,2.6935691750183612
97,1831.5,19.08,-2.54964,-7.91286,17.162691,0.4562290664713178,4.4729298070110675,19.079999999999927,0.44802601898694444,4.327194814469541,4.627426900389814,2.68536168378633
98,1850.75,19.25,-1.49254,-8.378860000000001,17.258045000000003,0.46163958715250014,4.59859351315466,19.25,0.4562290664713178,4.4729298070110675,4.577319303130917,0.4616379355629894
99,1869.97,19.22,-0.44627,-8.55255,17.198382000000002,0.46390851518009274,4.721639225420259,19.220000000000027,0.46163958715250014,4.59859351315466,4.574539929665914,2.677682871247231
100,1889.16,19.19,0.7041270000000001,-8.47385,17.191581,0.45692719817211547,4.869992211839778,19.190000000000055,0.46390851518009274,4.721639225420259,0.5645668307856917,0.4569266356404587
101,1908.33,19.17,1.8954790000000001,-8.087819999999999,17.265183,0.44209189953016365,5.017472533633299,19.169999999999845,0.45692719817211547,4.869992211839778,1.63943022638159,0.4420923988228016
102,1927.46,19.13,2.940777,-7.49327,17.344335,0.4288273972150068,5.157273406718044,19.13000000000011,0.44209189953016365,5.017472533633299,3.1351653809123734,0.4288272776577753
103,1946.69,19.23,3.5188370000000004,-6.9126,17.593086,0.4019493267342941,5.21085501475427,19.230000000000018,0.4288273972150068,5.157273406718044,1.6353813534203152,0.4019490087702293
104,1966.05,19.36,3.643641,-6.5505,17.849718,0.39322268047432246,5.22935550482541,19.3599999999999,0.4019493267342941,5.21085501475427,1.6935438706897612,0.3932227523486934
105,1985.17,19.12,3.878937,-6.4463099999999995,17.575364999999998,0.4159119607502487,5.277526592180454,19.12000000000012,0.39322268047432246,5.22935550482541,0.17676133507946654,0.41591163881234633
106,2004.39,19.22,4.510549,-6.452030000000001,17.529885999999998,0.42900193014020616,5.366189318181766,19.220000000000027,0.4159119607502487,5.277526592180454,5.070451904269218,0.4290023817567363
107,2023.67,19.28,4.91803,-5.93155,17.667475,0.39409534510031957,5.446299930848306,19.279999999999973,0.42900193014020616,5.366189318181766,5.322087231140266,0.39409481283421793
108,2042.73,19.06,4.732544,-5.297969999999999,17.685118,0.36983526849759846,5.436351554111938,19.059999999999945,0.39409534510031957,5.446299930848306,5.290877233375772,0.36983552742399306
109,2061.85,19.12,4.511963,-5.21401,17.833254999999998,0.3680899392456041,5.4150585372376066,19.11999999999989,0.36983526849759846,5.436351554111938,5.223938946297565,0.36808946238306267
110,2081.0,19.15,4.431639,-5.2441,17.87685,0.36529741244241315,5.4129641421352135,19.15000000000009,0.3680899392456041,5.4150585372376066,5.217399356707811,0.3652981332979416
111,2100.14,19.14,4.531331,-5.45303,17.776235,0.3937462792499207,5.399001508119259,19.139999999999873,0.36529741244241315,5.4129641421352135,5.173497340658651,0.3937455774196908
112,2119.51,19.37,4.669868,-5.86174,17.860957,0.4009021291830975,5.371425305937748,19.370000000000346,0.3937462792499207,5.399001508119259,5.086899192060755,0.4009029512955394
113,2138.72,19.21,4.4956190000000005,-6.03219,17.675007,0.40404372183668724,5.334424325795468,19.20999999999958,0.4009021291830975,5.371425305937748,4.97062567786749,0.40404259009965077
114,2158.01,19.29,4.616701,-6.39366,17.601155,0.4384267081009756,5.340882044027848,19.29000000000042,0.40404372183668724,5.334424325795468,0.3758317911213143,0.4384277814026223
115,2177.16,19.15,4.722119,-6.31665,17.448253,0.4106759729942658,5.3686327791345585,19.149999999999636,0.4384267081009756,5.340882044027848,5.078092685350205,0.41067532538103624
116,2185.04,7.88,1.886693,-2.43783,7.251689,0.39322268047432246,5.373519701040141,7.880000000000109,0.4106759729942658,5.3686327791345585,5.0934781941997445,0.39322351095988867
117,2194.69,9.65,2.3634180000000002,-2.98197,8.867344000000001,0.41748275707704363,5.391147526485284,9.650000000000091,0.39322268047432246,5.373519701040141,0.4781000581672748,0.4174820324364136
118,2204.28,9.59,2.630618,-3.0732,8.69252,0.4539601384437251,5.447347128399502,9.590000000000146,0.41748275707704363,5.391147526485284,5.325411079808155,0.4539612583225737
119,2213.83,9.55,2.9402169999999996,-3.11548,8.534141,0.4766494187196514,5.489409563372565,9.549999999999727,0.4539601384437251,5.447347128399502,0.8424167589680532,0.476648451450723
120,2223.48,9.65,3.234844,-3.15302,8.526278,0.4979424355939822,5.53094839957003,9.650000000000091,0.4766494187196514,5.489409563372565,5.5880484089051485,0.497944271199243
121,2233.11,9.63,3.399745,-3.26569,8.396005,0.5253441048502933,5.505466592490913,9.63000000000011,0.4979424355939822,5.53094839957003,0.003212164804646726,0.5253425044543121
122,2242.87,9.76,3.464118,-3.5933,8.385491,0.5487315168270173,5.454502978332679,9.759999999999764,0.5253441048502933,5.505466592490913,5.40350750613526,0.5487324439429287
123,2252.36,9.49,3.350921,-3.8723400000000003,7.985856,0.5920156822764766,5.398826975194059,9.490000000000236,0.5487315168270173,5.454502978332679,5.172957607954564,0.5920140714118164
124,2261.99,9.63,3.4893160000000005,-4.3888300000000005,7.8237380000000005,0.6517059426946827,5.370552641311751,9.629999999999654,0.5920156822764766,5.398826975194059,5.084150713791361,0.6517072891589
125,2271.63,9.64,3.6707019999999995,-4.8283,7.487447,0.7099999397112933,5.354844678043802,9.640000000000327,0.6517059426946827,5.370552641311751,3.0330180527523956,0.709998150679706
126,2281.23,9.6,3.9745120000000003,-5.05051,7.125967999999999,0.7579964941411373,5.402143100772848,9.599999999999909,0.7099999397112933,5.354844678043802,3.737778832096895,0.7579980472691011
127,2290.7,9.47,4.273916000000001,-5.14801,6.696787,0.8119271680277622,5.408251753154829,9.4699999999998,0.7579964941411373,5.402143100772848,5.2025660821611375,0.8119262311173749
128,2300.29,9.59,4.524380000000001,-5.45715,6.455972,0.852244273748831,5.401095903221652,9.590000000000146,0.8119271680277622,5.408251753154829,5.180104857789735,0.8522450137303301
129,2309.89,9.6,4.674975,-5.66186,6.181858,0.8897688526667091,5.404062962950042,9.599999999999909,0.852244273748831,5.401095903221652,0.5742980912278209,0.8897674516589356
130,2319.5,9.61,4.870603,-5.80345,5.9088650000000005,0.9271188986593878,5.416978399414801,9.610000000000127,0.8897688526667091,5.404062962950042,0.6148899125553788,0.9271202991380482
131,2329.09,9.59,5.047983,-5.95478,5.565247,0.9758135847900296,5.414185872611609,9.590000000000146,0.9271188986593878,5.416978399414801,5.221208733431768,0.975813058958606
132,2338.67,9.58,5.198238,-6.17686,5.151084,1.0299187916018537,5.409822549481624,9.579999999999927,0.9758135847900296,5.414185872611609,5.207519963721618,1.0299194934826965
133,2348.29,9.62,5.374128,-6.41372,4.739959,1.0808824057600883,5.409822549481624,9.61999999999989,1.0299187916018537,5.409822549481624,5.2075039208831,1.0808801229369562
134,2357.77,9.48,5.469833,-6.4847,4.222364,1.1370820076743058,5.4162802677140025,9.480000000000018,1.0808824057600883,5.409822549481624,5.060957766841357,1.137086246716716
135,2367.4,9.63,5.740367,-6.73625,3.785051,1.1962486693169136,5.419945459143191,9.63000000000011,1.1370820076743058,5.4162802677140025,5.2393080808087085,1.196243362200402
136,2376.89,9.49,5.821853,-6.74414,3.260412,1.2437216249711593,5.429021171253561,9.489999999999782,1.1962486693169136,5.419945459143191,4.211333151529209,1.243725810714803
137,2386.51,9.62,5.997403,-6.97222,2.8056490000000003,1.305680813416958,5.416629333564402,9.620000000000346,1.2437216249711593,5.429021171253561,2.4486994166794642,1.3056755690184148
138,2396.09,9.58,6.030704,-7.10492,2.1961209999999998,1.3730505225439391,5.415756668938405,9.579999999999927,1.305680813416958,5.416629333564402,5.059316575084312,1.373053975614602
139,2404.51,8.42,5.357136,-6.311319999999999,1.532813,1.4023720539774438,5.416629333564402,8.420000000000073,1.3730505225439391,5.415756668938405,5.228885354760555,1.4023708552831435
140,2414.11,9.6,6.124473,-7.2397,1.490897,1.4273302622809627,5.412440543359615,9.599999999999909,1.4023720539774438,5.416629333564402,5.215746227418117,1.4273273624716758
141,2423.75,9.64,6.1558910000000004,-7.30388,1.296581,1.4444344889505072,5.4129641421352135,9.639999999999873,1.4273302622809627,5.412440543359615,5.217369787902357,1.4444362771036936
142,2433.24,9.49,6.109604,-7.17615,1.107156,1.4632840448720459,5.422388920095983,9.489999999999782,1.4444344889505072,5.4129641421352135,5.246998243770935,1.4632881080078532
143,2442.82,9.58,6.21658,-7.24023,0.814759,1.5079644737231008,5.421341722544787,9.580000000000382,1.4632840448720459,5.422388920095983,5.243688699940284,1.5079664630321998
144,2452.41,9.59,6.2252730000000005,-7.281160000000001,0.393969,1.5514231720977596,5.418200129891197,9.58999999999969,1.5079644737231008,5.421341722544787,0.6187285930205783,1.5514556593954074
145,2471.51,19.1,12.43295,-14.4955,0.044997,1.5854570925116491,5.424483315198376,19.100000000000364,1.5514231720977596,5.418200129891197,5.142335210883275,1.5559103918605088
146,2490.75,19.24,12.55818,-14.5745,-0.224981,1.5795229730548683,5.422737985946382,19.23999999999978,1.5854570925116491,5.424483315198376,5.136856016175501,1.5626204940591006
147,2509.91,19.16,12.45562,-14.5579,-0.1672,1.5795229730548683,5.4175019981903985,19.159999999999854,1.5795229730548683,5.422737985946382,5.231638652673652,1.561490936418759
148,2529.1,19.19,12.40513,-14.6406,-0.14066900000000002,1.5767304462516774,5.413138675060413,19.190000000000055,1.5795229730548683,5.4175019981903985,5.217920909563296,1.566145459338674
149,2548.21,19.11,12.300139999999999,-14.625,-0.073377,1.5725416560468908,5.410171615332023,19.110000000000127,1.5767304462516774,5.413138675060413,5.987039640561817,1.566557554004377
150,2567.38,19.17,12.26641,-14.7304,0.11208,1.5573572915545404,5.403364831249244,19.170000000000073,1.5725416560468908,5.410171615332023,5.187221662703761,1.5576324220666553
151,2586.65,19.27,12.25636,-14.8655,0.34975500000000004,1.547932513593771,5.400397771520855,19.269999999999982,1.5573572915545404,5.403364831249244,5.177904832960272,1.547766133854097
152,2605.87,19.22,12.24957,-14.8072,0.264988,1.566083937814512,5.406680956828033,19.2199999999998,1.547932513593771,5.400397771520855,5.197632885900899,1.5677912203429074
153,2625.1,19.23,12.29086,-14.786,0.26512600000000003,1.547932513593771,5.4051101605012395,19.230000000000018,1.566083937814512,5.406680956828033,5.192719179216945,1.5475426016295342
154,2644.31,19.21,12.24972,-14.7942,0.25311500000000003,1.567305668290908,5.402841232473647,19.210000000000036,1.547932513593771,5.4051101605012395,0.820728907112873,1.5707936383995467
155,2663.39,19.08,12.24864,-14.6284,0.094907,1.5643386085625175,5.416105734788803,19.079999999999927,1.567305668290908,5.402841232473647,5.227267573111179,1.5629873578595879
156,2682.7,19.31,12.446439999999999,-14.7571,0.36225100000000005,1.5397294661093974,5.409997082406824,19.309999999999945,1.5643386085625175,5.416105734788803,5.208033774126561,1.5401233531259575
157,2701.97,19.27,12.30198,-14.8257,0.33964,1.5666075365901102,5.400048705670455,19.269999999999982,1.5397294661093974,5.409997082406824,5.176838059975029,1.5638285096059212
158,2721.27,19.3,12.27448,-14.8928,-0.077472,1.583013631558857,5.403364831249244,19.300000000000182,1.5666075365901102,5.400048705670455,5.187187086249138,1.560027840952175
159,2740.37,19.1,12.16747,-14.721,-0.23334499999999997,1.583013631558857,5.402841232473647,19.09999999999991,1.583013631558857,5.403364831249244,5.185618226060752,1.5572117598875208
160,2759.58,19.21,12.18942,-14.8449,-0.258156,1.5854570925116491,5.396907113016867,19.210000000000036,1.583013631558857,5.402841232473647,5.166900887310785,1.557268900614073
161,2778.74,19.16,12.12434,-14.8342,-0.224045,1.5795229730548683,5.398303376418461,19.159999999999854,1.5854570925116491,5.396907113016867,5.1713499054287295,1.5606975010421607
162,2797.95,19.21,12.115680000000001,-14.9057,0.051965,1.5566591598537425,5.391496592335684,19.210000000000036,1.5795229730548683,5.398303376418461,5.149906501733555,1.5577525906636458
163,2817.03,19.08,12.200330000000001,-14.6641,-0.016649,1.5866788229880449,5.421167189619587,19.080000000000382,1.5566591598537425,5.391496592335684,5.243184260118251,1.5540007585731281
164,2836.16,19.13,12.40272,-14.5628,-0.11351300000000002,1.5667820695153096,5.414534938462009,19.129999999999654,1.5866788229880449,5.421167189619587,4.443870270393703,1.570796275955253
165,2855.12,18.96,12.250630000000001,-14.4685,0.21673800000000001,1.5519467708733579,5.415407603088005,18.960000000000036,1.5667820695153096,5.414534938462009,5.225072439159191,1.5516184433618723
166,2874.23,19.11,12.455110000000001,-14.4906,0.208447,1.5678292670665062,5.42937023710396,19.110000000000127,1.5519467708733579,5.415407603088005,5.268908224312872,1.5707966804328521
167,2893.32,19.09,12.58917,-14.3501,0.094957,1.5638150097869192,5.43565342241114,19.090000000000146,1.5678292670665062,5.42937023710396,5.2886841172517185,1.5627086036501785
168,2912.53,19.21,12.70773,-14.4014,0.32016,1.544441855089782,5.435129823635542,19.210000000000036,1.5638150097869192,5.43565342241114,5.286996284236163,1.5447369625313747
169,2931.47,18.94,12.5007,-14.2243,0.228061,1.573065254822489,5.4316391651315525,18.9399999999996,1.544441855089782,5.435129823635542,5.276058097674868,1.567050234690423
170,2950.42,18.95,12.533760000000001,-14.2093,-0.24307399999999998,1.5941837387716207,5.43879501506473,18.950000000000273,1.573065254822489,5.4316391651315525,5.29851601080138,1.5476664065706203
171,2969.37,18.95,12.51821,-14.2216,-0.355521,1.5849334937360506,5.4295447700291595,18.949999999999818,1.5941837387716207,5.43879501506473,5.269491757885817,1.5559996588751877
172,2988.26,18.89,12.34021,-14.2962,-0.38240999999999997,1.597150798500011,5.419421860367592,18.890000000000327,1.5849334937360506,5.4295447700291595,5.237657786247003,1.5446693425993545
173,3007.23,18.97,12.31835,-14.4153,-0.5611109999999999,1.60360851673239,5.4195963932927915,18.9699999999998,1.597150798500011,5.419421860367592,5.238224458311035,1.5378297677426822
174,3026.2,18.97,12.272839999999999,-14.4563,-0.47835900000000003,1.5884241522400393,5.4129641421352135,18.9699999999998,1.60360851673239,5.4195963932927915,5.217372921469624,1.553433496758491
175,3045.16,18.96,12.23495,-14.4807,-0.31104499999999996,1.5859806912872474,5.414884004312407,18.960000000000036,1.5884241522400393,5.4129641421352135,5.223412971994785,1.555434452810624
176,3064.11,18.95,12.23806,-14.4664,-0.22655,1.5795229730548683,5.414185872611609,18.950000000000273,1.5859806912872474,5.414884004312407,5.2212211314729275,1.562207197357205
177,3082.94,18.83,12.12984,-14.4021,-0.060798000000000005,1.568527398767304,5.410520681182422,18.829999999999927,1.5795229730548683,5.414185872611609,0.9844653476275655,1.5733172755103337
178,3101.9,18.96,12.19587,-14.5165,0.10423699999999998,1.562069680534925,5.4117424116588175,18.960000000000036,1.568527398767304,5.410520681182422,5.991958036140145,1.5625217168386913
179,3120.87,18.97,12.239,-14.4932,0.10429200000000001,1.568527398767304,5.415582136013206,18.9699999999998,1.562069680534925,5.4117424116588175,5.225602940078201,1.568123005337346
180,3139.82,18.95,12.227139999999999,-14.4766,0.137254,1.5585790220309363,5.411916944584017,18.950000000000273,1.568527398767304,5.415582136013206,5.992504563600744,1.5589705224914885
181,3158.8,18.98,12.28433,-14.4673,0.11593900000000001,1.5707963267948966,5.4208181237691875,18.980000000000018,1.5585790220309363,5.411916944584017,5.242053328908775,1.569065888010046
182,3177.74,18.94,12.375689999999999,-14.3374,0.021487,1.568527398767304,5.428148506627564,18.9399999999996,1.5707963267948966,5.4208181237691875,5.265079015103707,1.570795050211669
183,3196.68,18.94,12.37428,-14.3383,0.087599,1.5638150097869192,5.420643590843988,18.940000000000055,1.568527398767304,5.428148506627564,5.241503879680134,1.563753090345442
184,3215.64,18.96,12.26345,-14.458,-0.072797,1.5854570925116491,5.41104427995802,18.960000000000036,1.5638150097869192,5.420643590843988,2.3199319485355017,1.5561725844784047
185,3234.61,18.97,12.182210000000001,-14.5388,-0.278105,1.5854570925116491,5.408600819005228,18.970000000000255,1.5854570925116491,5.41104427995802,5.203668994422931,1.556084648090494
186,3253.58,18.97,12.1409,-14.5746,-0.17216099999999998,1.5742869852988852,5.405284693426438,18.9699999999998,1.5854570925116491,5.408600819005228,5.193247529688166,1.5690464545176985
187,3272.53,18.95,12.06215,-14.6144,-0.138908,1.5819664340076602,5.399525106894857,18.950000000000273,1.5742869852988852,5.405284693426438,5.175158493122631,1.5595215508351723
188,3291.48,18.95,11.98807,-14.6753,-0.127333,1.573065254822489,5.3951617837648715,18.949999999999818,1.5819664340076602,5.399525106894857,0.796608731419241,1.570797634346082
189,3310.7,19.22,12.13308,-14.9058,0.057026,1.5625932793105233,5.396034448390869,19.2199999999998,1.573065254822489,5.3951617837648715,0.5490900405527561,1.562144597899623
190,3329.8,19.1,12.03652,-14.8268,0.285004,1.5491542440701669,5.39254378988688,19.100000000000364,1.5625932793105233,5.396034448390869,5.15321901349118,1.549409629140043
191,3349.09,19.29,12.14835,-14.9806,0.299622,1.561371548834127,5.394987250839672,19.289999999999964,1.5491542440701669,5.39254378988688,0.5457958768310968,1.5610505509287955
192,3368.21,19.12,12.02942,-14.8551,0.38705100000000003,1.5397294661093974,5.391147526485284,19.11999999999989,1.561371548834127,5.394987250839672,5.148836718836419,1.5398731919280517
193,3387.26,19.05,11.94545,-14.8333,0.35737399999999997,1.5643386085625175,5.38957673015849,19.050000000000182,1.5397294661093974,5.391147526485284,5.143906649921983,1.5640584469598673
194,3406.32,19.06,11.95848,-14.8415,0.073185,1.5695745963185006,5.391671125260883,19.059999999999945,1.5643386085625175,5.38957673015849,5.1504855162342436,1.5707964593356472
195,3425.52,19.2,12.06597,-14.9322,-0.190994,1.591914810744028,5.39236925696168,19.199999999999818,1.5695745963185006,5.391671125260883,5.152676105419334,1.549738439108472
196,3444.46,18.94,11.88505,-14.7425,-0.355336,1.5872024217636433,5.389402197233291,18.940000000000055,1.591914810744028,5.39236925696168,5.143354306841328,1.5545106442689742
197,3463.63,19.17,11.9939,-14.9521,-0.257617,1.5812683023068625,5.387482335056097,19.170000000000073,1.5872024217636433,5.389402197233291,5.137332590560621,1.5601306536045259
198,3482.91,19.28,12.10007,-15.0092,-0.158153,1.5767304462516774,5.394289119138874,19.279999999999745,1.5812683023068625,5.387482335056097,5.158700209108193,1.5655167341217853
199,3502.12,19.21,12.076030000000001,-14.9393,-0.095554,1.5748105840744837,5.390100328934087,19.210000000000036,1.5767304462516774,5.394289119138874,5.145560950163755,1.566049089666894
200,3521.21,19.09,11.93967,-14.8952,-0.004998,1.567305668290908,5.386086071654502,19.090000000000146,1.5748105840744837,5.390100328934087,3.464845566245187,1.5707965211245778
201,3540.43,19.22,11.98524,-15.0244,0.150951,1.5585790220309363,5.385387939953703,19.2199999999998,1.567305668290908,5.386086071654502,5.130767302318852,1.558097724804314
202,3559.74,19.31,12.170739999999999,-14.9894,0.180304,1.5643386085625175,5.403364831249244,19.309999999999945,1.5585790220309363,5.385387939953703,5.187211742308261,1.5647017950246964
203,3578.96,19.22,12.25814,-14.8018,0.21468299999999998,1.5549138306017483,5.404761094650841,19.220000000000255,1.5643386085625175,5.403364831249244,5.191612943166433,1.5550011138101494
204,3598.06,19.1,12.27619,-14.6302,0.101668,1.5760323145508794,5.4162802677140025,19.09999999999991,1.5549138306017483,5.404761094650841,5.227791681634502,1.5656620617237258
205,3617.11,19.05,12.30343,-14.5437,-0.009974,1.5666075365901102,5.412789609210014,19.050000000000182,1.5760323145508794,5.4162802677140025,5.216836555226701,1.5667205764896233
206,3636.2,19.09,12.4278,-14.4895,0.011661,1.573763386523287,5.429893835879559,19.08999999999969,1.5666075365901102,5.412789609210014,5.270567153427098,1.5670180206834377
207,3655.43,19.23,12.63114,-14.4998,0.005034,1.567305668290908,5.428148506627564,19.230000000000018,1.573763386523287,5.429893835879559,5.265076392246865,1.5701370513992936
208,3674.37,18.94,12.38953,-14.3205,-0.233014,1.5988961277520053,5.423087051796781,18.940000000000055,1.567305668290908,5.428148506627564,5.249193241459747,1.5424538274221287
209,3693.63,19.26,12.5156,-14.628,-0.569691,1.6018631874803957,5.41715293234,19.26000000000022,1.5988961277520053,5.423087051796781,5.2305318596833805,1.5399211149607814
210,3712.94,19.31,12.53266,-14.679,-0.5762229999999999,1.5994197265276036,5.420992656694388,19.309999999999945,1.6018631874803957,5.41715293234,5.131389878300168,1.541824877168275
211,3732.1,19.16,12.58114,-14.4423,-0.454743,1.5896458827164353,5.4370496858127355,19.159999999999854,1.5994197265276036,5.420992656694388,4.292156117215324,1.5522930240616555
212,3751.32,19.22,12.65103,-14.4664,-0.14758800000000002,1.567305668290908,5.424832381048775,19.220000000000255,1.5896458827164353,5.4370496858127355,5.2546833537207185,1.5650424160929284
213,3770.64,19.32,12.630980000000001,-14.6176,0.180395,1.555611962302546,5.425181446899174,19.31999999999971,1.567305668290908,5.424832381048775,5.2557551338112685,1.5560967250702022
214,3789.7,19.06,12.40062,-14.4655,0.46898199999999995,1.536762406381007,5.416978399414801,19.059999999999945,1.555611962302546,5.425181446899174,5.229991705086854,1.536613216861402
215,3808.8,19.1,12.37904,-14.5376,0.414966,1.561371548834127,5.418549195741595,19.100000000000364,1.536762406381007,5.416978399414801,5.23492693666504,1.5619580003934488
216,3828.01,19.21,12.47684,-14.6059,0.12908,1.5667820695153096,5.420119992068391,19.210000000000036,1.561371548834127,5.418549195741595,5.239865031510529,1.5652833215471378
217,3847.07,19.06,12.36675,-14.5001,0.25114000000000003,1.5484561123693692,5.416978399414801,19.059999999999945,1.5667820695153096,5.420119992068391,5.229984356288336,1.5488125340976928
218,3866.4,19.33,12.513689999999999,-14.7296,0.177103,1.5748105840744837,5.4162802677140025,19.329999999999927,1.5484561123693692,5.416978399414801,5.227797200901901,1.5656121527477493
219,3885.49,19.09,12.36432,-14.5435,-0.173251,1.5849334937360506,5.417676531115599,19.08999999999969,1.5748105840744837,5.4162802677140025,5.232175000663851,1.5572927358634248
220,3904.71,19.22,12.467210000000001,-14.6256,-0.259968,1.5837117632596545,5.418898261591995,19.220000000000255,1.5849334937360506,5.417676531115599,5.236039801761946,1.5570142553799438
221,3923.96,19.25,12.45251,-14.6783,-0.050394,1.5631168780861215,5.4129641421352135,19.25,1.5837117632596545,5.418898261591995,5.217364569081446,1.5648556219751317
222,3943.17,19.21,12.39027,-14.6775,-0.107279,1.5896458827164353,5.41401133968641,19.210000000000036,1.5631168780861215,5.4129641421352135,5.220683396312895,1.5513612221499222
223,3962.46,19.29,12.44337,-14.7326,-0.45782799999999996,1.5994197265276036,5.413487740910813,19.289999999999964,1.5896458827164353,5.41401133968641,5.219003931291346,1.542698959178324
224,3981.43,18.97,12.24801,-14.4807,-0.33270700000000003,1.5772540450272756,5.415407603088005,18.9699999999998,1.5994197265276036,5.413487740910813,5.225085898182582,1.5619378448041243
225,4000.65,19.22,12.40673,-14.6788,-0.005032,1.5648622073381158,5.412789609210014,19.220000000000255,1.5772540450272756,5.415407603088005,4.438377043497576,1.5708016849959634
226,4019.77,19.12,12.337710000000001,-14.6049,0.20856,1.5549138306017483,5.414884004312407,19.11999999999989,1.5648622073381158,5.412789609210014,5.223439983945477,1.5539616987928915
227,4039.02,19.25,12.41655,-14.7086,0.13606400000000002,1.5725416560468908,5.412091477509216,19.25,1.5549138306017483,5.414884004312407,3.546539484095959,1.5707960330688806
228,4058.37,19.35,12.40157,-14.8532,-0.028706,1.5720180572712925,5.404062962950042,19.34999999999991,1.5725416560468908,5.412091477509216,0.8245926042411228,1.570796313737734
229,4077.59,19.22,12.25376,-14.807,0.045286,1.5648622073381158,5.403364831249244,19.220000000000255,1.5720180572712925,5.404062962950042,5.187203071957998,1.5648776481127014
230,4096.68,19.09,12.23731,-14.6512,0.089959,1.567305668290908,5.413138675060413,19.090000000000146,1.5648622073381158,5.403364831249244,5.217957342963036,1.5663707171392245
231,4115.9,19.22,12.413219999999999,-14.6735,-0.023481000000000002,1.5767304462516774,5.415931201863604,19.219999999999345,1.567305668290908,5.413138675060413,5.226666888845447,1.5658936289976368
232,4135.18,19.28,12.43614,-14.7318,-0.169929,1.5824900327832587,5.41104427995802,19.280000000000655,1.5767304462516774,5.415931201863604,5.211388202565899,1.5584727466029438
233,4154.27,19.09,12.25623,-14.6349,-0.168255,1.5767304462516774,5.40807722022963,19.090000000000146,1.5824900327832587,5.41104427995802,5.20199156837685,1.5660289925699546
234,4173.46,19.19,12.29642,-14.7325,-0.09043,1.5742869852988852,5.40772815437923,19.1899999999996,1.5767304462516774,5.40807722022963,5.200958745620145,1.5664964896242441
235,4192.49,19.03,12.16717,-14.632,-0.06144500000000001,1.573763386523287,5.404412028800441,19.029999999999745,1.5742869852988852,5.40772815437923,5.190491514488222,1.5683344382297157
236,4211.8,19.31,12.338410000000001,-14.8538,0.010111,1.5667820695153096,5.406680956828033,19.3100000000004,1.573763386523287,5.404412028800441,5.197657049880685,1.5669562059543851
237,4231.09,19.29,12.32478,-14.8374,0.201997,1.5538666330505517,5.404412028800441,19.289999999999964,1.5667820695153096,5.406680956828033,5.190489209444931,1.5540406457790574
238,4250.34,19.25,12.27295,-14.8249,0.39306199999999997,1.5468853160425742,5.403364831249244,19.25,1.5538666330505517,5.404412028800441,5.187248698959439,1.5467151585577723
239,4269.56,19.22,12.28433,-14.7782,0.258276,1.5678292670665062,5.4084262860800285,19.220000000000255,1.5468853160425742,5.403364831249244,6.231780805649175,1.5707970168307774
240,4288.77,19.21,12.40496,-14.6637,-0.196117,1.5941837387716207,5.420643590843988,19.210000000000036,1.5678292670665062,5.4084262860800285,5.241547125155544,1.5471509566422397
241,4308.04,19.27,12.55636,-14.611,-0.43382200000000004,1.5924384095196262,5.423959716422778,19.269999999999527,1.5941837387716207,5.420643590843988,5.251883902122769,1.5494472993383368
242,4327.27,19.23,12.54744,-14.5646,-0.473184,1.598372528976407,5.423087051796781,19.230000000000473,1.5924384095196262,5.423959716422778,5.137990086403811,1.5430070086583307
243,4346.57,19.3,12.61394,-14.6005,-0.44122799999999995,1.5889477510156378,5.426752243225969,19.299999999999272,1.598372528976407,5.423087051796781,5.2606589268177695,1.5530136613774974
244,4365.76,19.19,12.490910000000001,-14.5657,-0.207646,1.5742869852988852,5.415756668938405,19.19000000000051,1.5889477510156378,5.426752243225969,5.226188702174731,1.5659369145015838
245,4385.06,19.3,12.4078,-14.7818,0.07410499999999999,1.5596262195821329,5.405633759276838,19.300000000000182,1.5742869852988852,5.415756668938405,5.1943152326808075,1.5602015566144525
246,4404.32,19.26,12.36544,-14.7653,0.11260799999999999,1.5702727280192983,5.413487740910813,19.25999999999931,1.5596262195821329,5.405633759276838,5.219064746527893,1.5668862386291007
247,4423.54,19.22,12.353769999999999,-14.7226,0.134177,1.5573572915545404,5.407553621454031,19.220000000000255,1.5702727280192983,5.413487740910813,5.200352992767438,1.557692117466734
248,4442.75,19.21,12.18441,-14.8494,0.09555,1.5742869852988852,5.391496592335684,19.210000000000036,1.5573572915545404,5.407553621454031,5.149967348749729,1.5660471115382184
249,4462.01,19.26,12.09181,-14.9909,0.023530000000000002,1.5648622073381158,5.390798460634886,19.26000000000022,1.5742869852988852,5.391496592335684,5.147715001202466,1.5659162182045565
250,4481.06,19.05,11.99717,-14.7968,0.146292,1.561371548834127,5.396558047166467,19.050000000000182,1.5648622073381158,5.390798460634886,3.4977897116807473,1.560899445408641
251,4500.2,19.14,12.1027,-14.8235,0.32568,1.5461871843417767,5.3976052447176635,19.139999999999418,1.561371548834127,5.396558047166467,5.16910799873454,1.5462817444404557
252,4519.39,19.19,12.07985,-14.9068,0.281316,1.566083937814512,5.38922766430809,19.19000000000051,1.5461871843417767,5.3976052447176635,5.142820386970128,1.5664031474349356
253,4538.34,18.95,12.0927,-14.5864,-0.044649,1.580221104755666,5.419945459143191,18.949999999999818,1.566083937814512,5.38922766430809,5.239311935831785,1.5608123653213508
254,4557.49,19.15,12.45552,-14.5449,-0.163771,1.5784757755036716,5.421167189619587,19.149999999999636,1.580221104755666,5.419945459143191,2.6298176824437203,1.5634146194318674
255,4576.59,19.1,12.45289,-14.4753,-0.38164000000000003,1.6030849179567916,5.424483315198376,19.100000000000364,1.5784757755036716,5.421167189619587,5.1423234915436,1.5384940661996882
256,4595.53,18.94,12.33652,-14.3526,-0.7220979999999999,1.6147786239451536,5.42029452499359,18.9399999999996,1.6030849179567916,5.424483315198376,5.240434217002738,1.526729130408516
257,4614.61,19.08,12.40662,-14.4802,-0.637558,1.5936601399960224,5.421341722544787,19.079999999999927,1.6147786239451536,5.42029452499359,5.243666060152736,1.5482394644751425
258,4633.69,19.08,12.41634,-14.4838,-0.263058,1.5755087157752812,5.4208181237691875,19.079999999999927,1.5936601399960224,5.421341722544787,5.24209514467039,1.5642455508910986
259,4652.95,19.26,12.45681,-14.6886,0.016807,1.5643386085625175,5.410695214107621,19.26000000000022,1.5755087157752812,5.4208181237691875,5.210204621990375,1.5667745591117976
260,4672.04,19.09,12.32283,-14.5795,0.033318,1.573763386523287,5.4175019981903985,19.090000000000146,1.5643386085625175,5.410695214107621,5.231688342886396,1.5646280023447292
261,4691.24,19.2,12.40038,-14.6583,-0.028484,1.5707963267948966,5.411567878733618,19.199999999999818,1.573763386523287,5.4175019981903985,5.212940849349379,1.5707963299559151
262,4710.39,19.15,12.2539,-14.7154,0.078543,1.5625932793105233,5.401968567847649,19.150000000000546,1.5707963267948966,5.411567878733618,5.182893342184964,1.5623595794652747
263,4729.63,19.24,12.21488,-14.8627,0.25351999999999997,1.5526449025741555,5.39865244226886,19.23999999999978,1.5625932793105233,5.401968567847649,5.172362274654266,1.5527546834880654
264,4748.85,19.22,12.22045,-14.8325,0.14088,1.5742869852988852,5.404412028800441,19.220000000000255,1.5526449025741555,5.39865244226886,5.190568503947062,1.5669536307612963
265,4768.02,19.17,12.2142,-14.7749,-0.01171,1.568527398767304,5.401968567847649,19.170000000000073,1.5742869852988852,5.404412028800441,5.182787494800236,1.5681656850861612
266,4787.01,18.99,12.05043,-14.6756,0.144172,1.5578808903301387,5.397779777642863,18.98999999999978,1.568527398767304,5.401968567847649,0.5546277177505784,1.5576421767963287
267,4806.2,19.19,12.11789,-14.8765,0.309794,1.5514231720977596,5.394114586213675,19.1899999999996,1.5578808903301387,5.397779777642863,5.158111373356578,1.551371092295963
268,4825.54,19.34,12.23237,-14.977,0.086065,1.5812683023068625,5.400397771520855,19.340000000000146,1.5514231720977596,5.394114586213675,5.177953488539338,1.5604797735592417
269,4844.77,19.23,12.220080000000001,-14.8452,-0.27520300000000003,1.5889477510156378,5.40179403492245,19.230000000000473,1.5812683023068625,5.400397771520855,5.182246723990944,1.552376000606444
270,4864.03,19.26,12.21599,-14.8879,-0.22521100000000002,1.5760323145508794,5.397256178867265,19.25999999999931,1.5889477510156378,5.40179403492245,5.1680702423304545,1.5669069282894232
271,4883.19,19.16,12.08355,-14.8688,0.0,1.5655603390389137,5.39236925696168,19.159999999999854,1.5760323145508794,5.397256178867265,5.1526426523686935,1.5645262354653982
272,4902.17,18.98,11.91145,-14.7752,0.200408,1.5549138306017483,5.389402197233291,18.980000000000473,1.5655603390389137,5.39236925696168,5.143396684387059,1.5552799632522094
273,4921.3,19.13,12.13838,-14.7828,0.135216,1.5725416560468908,5.410346148257222,19.13000000000011,1.5549138306017483,5.389402197233291,5.987528860850788,1.5680443540029025
274,4940.55,19.25,12.38623,-14.7352,-0.107511,1.580221104755666,5.412440543359615,19.25,1.5725416560468908,5.410346148257222,5.215785083154383,1.5615426356808504
275,4959.8,19.25,12.39396,-14.7287,-0.102471,1.5720180572712925,5.411393345808419,19.25,1.580221104755666,5.412440543359615,5.212402794451786,1.567786033124156
276,4978.88,19.08,12.236139999999999,-14.6395,0.044956,1.5648622073381158,5.405808292202037,19.079999999999927,1.5720180572712925,5.411393345808419,5.194931896537824,1.5661951457449532
277,4998.1,19.22,12.3089,-14.7527,-0.296796,1.6076227740119768,5.4096480165564245,19.220000000000255,1.5648622073381158,5.405808292202037,5.985345419847152,1.533856250188003
278,5017.33,19.23,12.35015,-14.7183,-0.793524,1.616523953197148,5.411393345808419,19.229999999999563,1.6076227740119768,5.4096480165564245,5.212493636867702,1.5250985192637088
279,5036.43,19.1,12.21909,-14.6606,-0.7381850000000001,1.602386786255994,5.4030157653988455,19.100000000000364,1.616523953197148,5.411393345808419,5.186086442777608,1.539070237085408
280,5055.8,19.37,12.19122,-15.0442,-0.204483,1.5603243512829308,5.383817143626909,19.36999999999989,1.602386786255994,5.4030157653988455,5.125858430383472,1.5605057546918166
281,5075.06,19.26,11.93941,-15.1071,0.376449,1.5421729270621896,5.378581155870926,19.26000000000022,1.5603243512829308,5.383817143626909,5.10930801956734,1.5422222596858892
282,5094.17,19.11,11.80556,-15.0211,0.413538,1.5561355610781442,5.378406622945726,19.109999999999673,1.5421729270621896,5.378581155870926,5.108862224567788,1.5563030227140235
283,5113.41,19.24,11.89483,-15.1211,0.186365,1.566083937814512,5.379453820496923,19.23999999999978,1.5561355610781442,5.378406622945726,5.112049341133985,1.5661581441407388
284,5132.6,19.19,11.84446,-15.0977,0.14569200000000002,1.5603243512829308,5.375788629067734,19.19000000000051,1.566083937814512,5.379453820496923,5.100636569968176,1.5605990263184946
285,5151.96,19.36,12.02732,-15.1693,0.038857,1.5772540450272756,5.3897512630836895,19.359999999999673,1.5603243512829308,5.375788629067734,5.144400030112891,1.5643272065117328
286,5171.13,19.17,12.0546,-14.9048,-0.140522,1.5789993742792698,5.3951617837648715,19.170000000000073,1.5772540450272756,5.3897512630836895,0.5463974941745346,1.5627006760867366
287,5190.32,19.19,12.15663,-14.8472,-0.16913699999999998,1.580221104755666,5.40179403492245,19.1899999999996,1.5789993742792698,5.3951617837648715,5.182236306486432,1.5611807185032627
288,5209.54,19.22,12.21594,-14.8376,-0.157661,1.577777643802874,5.400572304446054,19.220000000000255,1.580221104755666,5.40179403492245,5.178497809132833,1.564369845705977
289,5228.7,19.16,12.20381,-14.7702,-0.038456,1.5678292670665062,5.405284693426438,19.159999999999854,1.577777643802874,5.400572304446054,5.193214050605369,1.566001961935465
290,5247.67,18.97,12.14537,-14.5722,0.023176,1.5713199255704948,5.409124417780826,18.970000000000255,1.5678292670665062,5.405284693426438,0.8405064487992342,1.570775909796648
291,5266.78,19.11,12.381310000000001,-14.5532,-0.200106,1.5912166790432303,5.425530512749573,19.109999999999673,1.5713199255704948,5.409124417780826,5.25681969703451,1.5505110283398706
292,5285.83,19.05,12.461260000000001,-14.4034,-0.400615,1.5924384095196262,5.425705045674772,19.050000000000182,1.5912166790432303,5.425530512749573,2.4772662196837056,1.5489093983457454
293,5305.0,19.17,12.51702,-14.5139,-0.398121,1.590693080267632,5.422388920095983,19.170000000000073,1.5924384095196262,5.425705045674772,0.5206024391815982,1.551168015665077
294,5320.0,15.0,9.775571000000001,-11.3732,-0.29843200000000003,1.590693080267632,5.422388920095983,15.0,1.590693080267632,5.422388920095983,1.521572740497002,1.5507514854075688
